{
  "allowReClinging": true,
  "autoRotation": false,
  "onFallDoubleJump": true,
  "exhaustionWallJump": 0.8,
  "minFallDistance": 3.0,
  "elytraSpeedBoost": 0.0,
  "sprintSpeedBoost": 0.0,
  "stepAssist": true,
  "useDoubleJump": false,
  "useWallJump": true,
  "wallJumpHeight": 0.55,
  "wallSlideDelay": 15,
  "stopWallSlideDelay": 72000,
  "maxWallJumps": 72000,
  "playFallingSound": true,
  "blockList": [],
  "blockListMode": "BLACKLIST",
  "enableEnchantments": true,
  "enableWallJump": true,
  "enableDoubleJump": true,
  "enableSpeedBoost": true,
  "speedBoostMultiplier": 0.5
}